{
    "bleu": 0.09118787940012421,
    "rouge1": 0.32041382375655747,
    "rouge2": 0.12042154693889176,
    "rougeL": 0.2046334833046476,
    "bertscore_precision": 0.6403737418055534,
    "bertscore_recall": 0.5887856413722038,
    "bertscore_f1": 0.6128029890656471
}